hotel,name,city,stars,hotel_id,daily_bookings,total_amount,avg_amount,revenue_rank,revenue_percentage,revenue_segment
a6065b00,The Plaza,New York,5,a6065b00,21,29889.0,1423.2857142857142,1,1.0,TOP_20%
fc55b3c4,Burj Al Arab Jumeirah,Dubai,5,fc55b3c4,10,20982.0,2098.2,2,0.8571428571428571,TOP_20%
1ad4f8c1,Le Meurice,Paris,5,1ad4f8c1,17,18409.0,1082.8823529411766,3,0.7142857142857143,MIDDLE_50%
e5d181db,The Savoy,London,5,e5d181db,14,11014.0,786.7142857142857,4,0.5714285714285714,MIDDLE_50%
86a8b017,Hotel Cap Rocat,Palma,5,86a8b017,11,7886.0,716.9090909090909,5,0.42857142857142855,BOTTOM_30%
4c9692b3,Hotel Mar,Barcelona,4,4c9692b3,11,2523.0,229.36363636363637,6,0.2857142857142857,BOTTOM_30%
3aaf0cc6,Hotel Centro,Madrid,4,3aaf0cc6,11,1995.0,181.36363636363637,7,0.14285714285714285,BOTTOM_30%
8d1f74d7,Los Tajibos Hotel,Santa Cruz,3,8d1f74d7,17,1976.0,116.23529411764706,8,0.0,BOTTOM_30%
